"especie","ilha","comprimento_bico","profundidade_bico","comprimento_nadadeira","massa_corporal","sexo","ano"
"1","Pinguim-de-adélia","Torgersen",39.1,18.7,181,3750,"macho",2007
"2","Pinguim-de-adélia","Torgersen",39.5,17.4,186,3800,"fêmea",2007
"3","Pinguim-de-adélia","Torgersen",40.3,18,195,3250,"fêmea",2007
"4","Pinguim-de-adélia","Torgersen",NA,NA,NA,NA,NA,2007
"5","Pinguim-de-adélia","Torgersen",36.7,19.3,193,3450,"fêmea",2007
"6","Pinguim-de-adélia","Torgersen",39.3,20.6,190,3650,"macho",2007
"7","Pinguim-de-adélia","Torgersen",38.9,17.8,181,3625,"fêmea",2007
"8","Pinguim-de-adélia","Torgersen",39.2,19.6,195,4675,"macho",2007
"9","Pinguim-de-adélia","Torgersen",34.1,18.1,193,3475,NA,2007
"10","Pinguim-de-adélia","Torgersen",42,20.2,190,4250,NA,2007
"11","Pinguim-de-adélia","Torgersen",37.8,17.1,186,3300,NA,2007
"12","Pinguim-de-adélia","Torgersen",37.8,17.3,180,3700,NA,2007
"13","Pinguim-de-adélia","Torgersen",41.1,17.6,182,3200,"fêmea",2007
"14","Pinguim-de-adélia","Torgersen",38.6,21.2,191,3800,"macho",2007
"15","Pinguim-de-adélia","Torgersen",34.6,21.1,198,4400,"macho",2007
"16","Pinguim-de-adélia","Torgersen",36.6,17.8,185,3700,"fêmea",2007
"17","Pinguim-de-adélia","Torgersen",38.7,19,195,3450,"fêmea",2007
"18","Pinguim-de-adélia","Torgersen",42.5,20.7,197,4500,"macho",2007
"19","Pinguim-de-adélia","Torgersen",34.4,18.4,184,3325,"fêmea",2007
"20","Pinguim-de-adélia","Torgersen",46,21.5,194,4200,"macho",2007
"21","Pinguim-de-adélia","Biscoe",37.8,18.3,174,3400,"fêmea",2007
"22","Pinguim-de-adélia","Biscoe",37.7,18.7,180,3600,"macho",2007
"23","Pinguim-de-adélia","Biscoe",35.9,19.2,189,3800,"fêmea",2007
"24","Pinguim-de-adélia","Biscoe",38.2,18.1,185,3950,"macho",2007
"25","Pinguim-de-adélia","Biscoe",38.8,17.2,180,3800,"macho",2007
"26","Pinguim-de-adélia","Biscoe",35.3,18.9,187,3800,"fêmea",2007
"27","Pinguim-de-adélia","Biscoe",40.6,18.6,183,3550,"macho",2007
"28","Pinguim-de-adélia","Biscoe",40.5,17.9,187,3200,"fêmea",2007
"29","Pinguim-de-adélia","Biscoe",37.9,18.6,172,3150,"fêmea",2007
"30","Pinguim-de-adélia","Biscoe",40.5,18.9,180,3950,"macho",2007
"31","Pinguim-de-adélia","Dream",39.5,16.7,178,3250,"fêmea",2007
"32","Pinguim-de-adélia","Dream",37.2,18.1,178,3900,"macho",2007
"33","Pinguim-de-adélia","Dream",39.5,17.8,188,3300,"fêmea",2007
"34","Pinguim-de-adélia","Dream",40.9,18.9,184,3900,"macho",2007
"35","Pinguim-de-adélia","Dream",36.4,17,195,3325,"fêmea",2007
"36","Pinguim-de-adélia","Dream",39.2,21.1,196,4150,"macho",2007
"37","Pinguim-de-adélia","Dream",38.8,20,190,3950,"macho",2007
"38","Pinguim-de-adélia","Dream",42.2,18.5,180,3550,"fêmea",2007
"39","Pinguim-de-adélia","Dream",37.6,19.3,181,3300,"fêmea",2007
"40","Pinguim-de-adélia","Dream",39.8,19.1,184,4650,"macho",2007
"41","Pinguim-de-adélia","Dream",36.5,18,182,3150,"fêmea",2007
"42","Pinguim-de-adélia","Dream",40.8,18.4,195,3900,"macho",2007
"43","Pinguim-de-adélia","Dream",36,18.5,186,3100,"fêmea",2007
"44","Pinguim-de-adélia","Dream",44.1,19.7,196,4400,"macho",2007
"45","Pinguim-de-adélia","Dream",37,16.9,185,3000,"fêmea",2007
"46","Pinguim-de-adélia","Dream",39.6,18.8,190,4600,"macho",2007
"47","Pinguim-de-adélia","Dream",41.1,19,182,3425,"macho",2007
"48","Pinguim-de-adélia","Dream",37.5,18.9,179,2975,NA,2007
"49","Pinguim-de-adélia","Dream",36,17.9,190,3450,"fêmea",2007
"50","Pinguim-de-adélia","Dream",42.3,21.2,191,4150,"macho",2007
"51","Pinguim-de-adélia","Biscoe",39.6,17.7,186,3500,"fêmea",2008
"52","Pinguim-de-adélia","Biscoe",40.1,18.9,188,4300,"macho",2008
"53","Pinguim-de-adélia","Biscoe",35,17.9,190,3450,"fêmea",2008
"54","Pinguim-de-adélia","Biscoe",42,19.5,200,4050,"macho",2008
"55","Pinguim-de-adélia","Biscoe",34.5,18.1,187,2900,"fêmea",2008
"56","Pinguim-de-adélia","Biscoe",41.4,18.6,191,3700,"macho",2008
"57","Pinguim-de-adélia","Biscoe",39,17.5,186,3550,"fêmea",2008
"58","Pinguim-de-adélia","Biscoe",40.6,18.8,193,3800,"macho",2008
"59","Pinguim-de-adélia","Biscoe",36.5,16.6,181,2850,"fêmea",2008
"60","Pinguim-de-adélia","Biscoe",37.6,19.1,194,3750,"macho",2008
"61","Pinguim-de-adélia","Biscoe",35.7,16.9,185,3150,"fêmea",2008
"62","Pinguim-de-adélia","Biscoe",41.3,21.1,195,4400,"macho",2008
"63","Pinguim-de-adélia","Biscoe",37.6,17,185,3600,"fêmea",2008
"64","Pinguim-de-adélia","Biscoe",41.1,18.2,192,4050,"macho",2008
"65","Pinguim-de-adélia","Biscoe",36.4,17.1,184,2850,"fêmea",2008
"66","Pinguim-de-adélia","Biscoe",41.6,18,192,3950,"macho",2008
"67","Pinguim-de-adélia","Biscoe",35.5,16.2,195,3350,"fêmea",2008
"68","Pinguim-de-adélia","Biscoe",41.1,19.1,188,4100,"macho",2008
"69","Pinguim-de-adélia","Torgersen",35.9,16.6,190,3050,"fêmea",2008
"70","Pinguim-de-adélia","Torgersen",41.8,19.4,198,4450,"macho",2008
"71","Pinguim-de-adélia","Torgersen",33.5,19,190,3600,"fêmea",2008
"72","Pinguim-de-adélia","Torgersen",39.7,18.4,190,3900,"macho",2008
"73","Pinguim-de-adélia","Torgersen",39.6,17.2,196,3550,"fêmea",2008
"74","Pinguim-de-adélia","Torgersen",45.8,18.9,197,4150,"macho",2008
"75","Pinguim-de-adélia","Torgersen",35.5,17.5,190,3700,"fêmea",2008
"76","Pinguim-de-adélia","Torgersen",42.8,18.5,195,4250,"macho",2008
"77","Pinguim-de-adélia","Torgersen",40.9,16.8,191,3700,"fêmea",2008
"78","Pinguim-de-adélia","Torgersen",37.2,19.4,184,3900,"macho",2008
"79","Pinguim-de-adélia","Torgersen",36.2,16.1,187,3550,"fêmea",2008
"80","Pinguim-de-adélia","Torgersen",42.1,19.1,195,4000,"macho",2008
"81","Pinguim-de-adélia","Torgersen",34.6,17.2,189,3200,"fêmea",2008
"82","Pinguim-de-adélia","Torgersen",42.9,17.6,196,4700,"macho",2008
"83","Pinguim-de-adélia","Torgersen",36.7,18.8,187,3800,"fêmea",2008
"84","Pinguim-de-adélia","Torgersen",35.1,19.4,193,4200,"macho",2008
"85","Pinguim-de-adélia","Dream",37.3,17.8,191,3350,"fêmea",2008
"86","Pinguim-de-adélia","Dream",41.3,20.3,194,3550,"macho",2008
"87","Pinguim-de-adélia","Dream",36.3,19.5,190,3800,"macho",2008
"88","Pinguim-de-adélia","Dream",36.9,18.6,189,3500,"fêmea",2008
"89","Pinguim-de-adélia","Dream",38.3,19.2,189,3950,"macho",2008
"90","Pinguim-de-adélia","Dream",38.9,18.8,190,3600,"fêmea",2008
"91","Pinguim-de-adélia","Dream",35.7,18,202,3550,"fêmea",2008
"92","Pinguim-de-adélia","Dream",41.1,18.1,205,4300,"macho",2008
"93","Pinguim-de-adélia","Dream",34,17.1,185,3400,"fêmea",2008
"94","Pinguim-de-adélia","Dream",39.6,18.1,186,4450,"macho",2008
"95","Pinguim-de-adélia","Dream",36.2,17.3,187,3300,"fêmea",2008
"96","Pinguim-de-adélia","Dream",40.8,18.9,208,4300,"macho",2008
"97","Pinguim-de-adélia","Dream",38.1,18.6,190,3700,"fêmea",2008
"98","Pinguim-de-adélia","Dream",40.3,18.5,196,4350,"macho",2008
"99","Pinguim-de-adélia","Dream",33.1,16.1,178,2900,"fêmea",2008
"100","Pinguim-de-adélia","Dream",43.2,18.5,192,4100,"macho",2008
"101","Pinguim-de-adélia","Biscoe",35,17.9,192,3725,"fêmea",2009
"102","Pinguim-de-adélia","Biscoe",41,20,203,4725,"macho",2009
"103","Pinguim-de-adélia","Biscoe",37.7,16,183,3075,"fêmea",2009
"104","Pinguim-de-adélia","Biscoe",37.8,20,190,4250,"macho",2009
"105","Pinguim-de-adélia","Biscoe",37.9,18.6,193,2925,"fêmea",2009
"106","Pinguim-de-adélia","Biscoe",39.7,18.9,184,3550,"macho",2009
"107","Pinguim-de-adélia","Biscoe",38.6,17.2,199,3750,"fêmea",2009
"108","Pinguim-de-adélia","Biscoe",38.2,20,190,3900,"macho",2009
"109","Pinguim-de-adélia","Biscoe",38.1,17,181,3175,"fêmea",2009
"110","Pinguim-de-adélia","Biscoe",43.2,19,197,4775,"macho",2009
"111","Pinguim-de-adélia","Biscoe",38.1,16.5,198,3825,"fêmea",2009
"112","Pinguim-de-adélia","Biscoe",45.6,20.3,191,4600,"macho",2009
"113","Pinguim-de-adélia","Biscoe",39.7,17.7,193,3200,"fêmea",2009
"114","Pinguim-de-adélia","Biscoe",42.2,19.5,197,4275,"macho",2009
"115","Pinguim-de-adélia","Biscoe",39.6,20.7,191,3900,"fêmea",2009
"116","Pinguim-de-adélia","Biscoe",42.7,18.3,196,4075,"macho",2009
"117","Pinguim-de-adélia","Torgersen",38.6,17,188,2900,"fêmea",2009
"118","Pinguim-de-adélia","Torgersen",37.3,20.5,199,3775,"macho",2009
"119","Pinguim-de-adélia","Torgersen",35.7,17,189,3350,"fêmea",2009
"120","Pinguim-de-adélia","Torgersen",41.1,18.6,189,3325,"macho",2009
"121","Pinguim-de-adélia","Torgersen",36.2,17.2,187,3150,"fêmea",2009
"122","Pinguim-de-adélia","Torgersen",37.7,19.8,198,3500,"macho",2009
"123","Pinguim-de-adélia","Torgersen",40.2,17,176,3450,"fêmea",2009
"124","Pinguim-de-adélia","Torgersen",41.4,18.5,202,3875,"macho",2009
"125","Pinguim-de-adélia","Torgersen",35.2,15.9,186,3050,"fêmea",2009
"126","Pinguim-de-adélia","Torgersen",40.6,19,199,4000,"macho",2009
"127","Pinguim-de-adélia","Torgersen",38.8,17.6,191,3275,"fêmea",2009
"128","Pinguim-de-adélia","Torgersen",41.5,18.3,195,4300,"macho",2009
"129","Pinguim-de-adélia","Torgersen",39,17.1,191,3050,"fêmea",2009
"130","Pinguim-de-adélia","Torgersen",44.1,18,210,4000,"macho",2009
"131","Pinguim-de-adélia","Torgersen",38.5,17.9,190,3325,"fêmea",2009
"132","Pinguim-de-adélia","Torgersen",43.1,19.2,197,3500,"macho",2009
"133","Pinguim-de-adélia","Dream",36.8,18.5,193,3500,"fêmea",2009
"134","Pinguim-de-adélia","Dream",37.5,18.5,199,4475,"macho",2009
"135","Pinguim-de-adélia","Dream",38.1,17.6,187,3425,"fêmea",2009
"136","Pinguim-de-adélia","Dream",41.1,17.5,190,3900,"macho",2009
"137","Pinguim-de-adélia","Dream",35.6,17.5,191,3175,"fêmea",2009
"138","Pinguim-de-adélia","Dream",40.2,20.1,200,3975,"macho",2009
"139","Pinguim-de-adélia","Dream",37,16.5,185,3400,"fêmea",2009
"140","Pinguim-de-adélia","Dream",39.7,17.9,193,4250,"macho",2009
"141","Pinguim-de-adélia","Dream",40.2,17.1,193,3400,"fêmea",2009
"142","Pinguim-de-adélia","Dream",40.6,17.2,187,3475,"macho",2009
"143","Pinguim-de-adélia","Dream",32.1,15.5,188,3050,"fêmea",2009
"144","Pinguim-de-adélia","Dream",40.7,17,190,3725,"macho",2009
"145","Pinguim-de-adélia","Dream",37.3,16.8,192,3000,"fêmea",2009
"146","Pinguim-de-adélia","Dream",39,18.7,185,3650,"macho",2009
"147","Pinguim-de-adélia","Dream",39.2,18.6,190,4250,"macho",2009
"148","Pinguim-de-adélia","Dream",36.6,18.4,184,3475,"fêmea",2009
"149","Pinguim-de-adélia","Dream",36,17.8,195,3450,"fêmea",2009
"150","Pinguim-de-adélia","Dream",37.8,18.1,193,3750,"macho",2009
"151","Pinguim-de-adélia","Dream",36,17.1,187,3700,"fêmea",2009
"152","Pinguim-de-adélia","Dream",41.5,18.5,201,4000,"macho",2009
"153","Pinguim-gentoo","Biscoe",46.1,13.2,211,4500,"fêmea",2007
"154","Pinguim-gentoo","Biscoe",50,16.3,230,5700,"macho",2007
"155","Pinguim-gentoo","Biscoe",48.7,14.1,210,4450,"fêmea",2007
"156","Pinguim-gentoo","Biscoe",50,15.2,218,5700,"macho",2007
"157","Pinguim-gentoo","Biscoe",47.6,14.5,215,5400,"macho",2007
"158","Pinguim-gentoo","Biscoe",46.5,13.5,210,4550,"fêmea",2007
"159","Pinguim-gentoo","Biscoe",45.4,14.6,211,4800,"fêmea",2007
"160","Pinguim-gentoo","Biscoe",46.7,15.3,219,5200,"macho",2007
"161","Pinguim-gentoo","Biscoe",43.3,13.4,209,4400,"fêmea",2007
"162","Pinguim-gentoo","Biscoe",46.8,15.4,215,5150,"macho",2007
"163","Pinguim-gentoo","Biscoe",40.9,13.7,214,4650,"fêmea",2007
"164","Pinguim-gentoo","Biscoe",49,16.1,216,5550,"macho",2007
"165","Pinguim-gentoo","Biscoe",45.5,13.7,214,4650,"fêmea",2007
"166","Pinguim-gentoo","Biscoe",48.4,14.6,213,5850,"macho",2007
"167","Pinguim-gentoo","Biscoe",45.8,14.6,210,4200,"fêmea",2007
"168","Pinguim-gentoo","Biscoe",49.3,15.7,217,5850,"macho",2007
"169","Pinguim-gentoo","Biscoe",42,13.5,210,4150,"fêmea",2007
"170","Pinguim-gentoo","Biscoe",49.2,15.2,221,6300,"macho",2007
"171","Pinguim-gentoo","Biscoe",46.2,14.5,209,4800,"fêmea",2007
"172","Pinguim-gentoo","Biscoe",48.7,15.1,222,5350,"macho",2007
"173","Pinguim-gentoo","Biscoe",50.2,14.3,218,5700,"macho",2007
"174","Pinguim-gentoo","Biscoe",45.1,14.5,215,5000,"fêmea",2007
"175","Pinguim-gentoo","Biscoe",46.5,14.5,213,4400,"fêmea",2007
"176","Pinguim-gentoo","Biscoe",46.3,15.8,215,5050,"macho",2007
"177","Pinguim-gentoo","Biscoe",42.9,13.1,215,5000,"fêmea",2007
"178","Pinguim-gentoo","Biscoe",46.1,15.1,215,5100,"macho",2007
"179","Pinguim-gentoo","Biscoe",44.5,14.3,216,4100,NA,2007
"180","Pinguim-gentoo","Biscoe",47.8,15,215,5650,"macho",2007
"181","Pinguim-gentoo","Biscoe",48.2,14.3,210,4600,"fêmea",2007
"182","Pinguim-gentoo","Biscoe",50,15.3,220,5550,"macho",2007
"183","Pinguim-gentoo","Biscoe",47.3,15.3,222,5250,"macho",2007
"184","Pinguim-gentoo","Biscoe",42.8,14.2,209,4700,"fêmea",2007
"185","Pinguim-gentoo","Biscoe",45.1,14.5,207,5050,"fêmea",2007
"186","Pinguim-gentoo","Biscoe",59.6,17,230,6050,"macho",2007
"187","Pinguim-gentoo","Biscoe",49.1,14.8,220,5150,"fêmea",2008
"188","Pinguim-gentoo","Biscoe",48.4,16.3,220,5400,"macho",2008
"189","Pinguim-gentoo","Biscoe",42.6,13.7,213,4950,"fêmea",2008
"190","Pinguim-gentoo","Biscoe",44.4,17.3,219,5250,"macho",2008
"191","Pinguim-gentoo","Biscoe",44,13.6,208,4350,"fêmea",2008
"192","Pinguim-gentoo","Biscoe",48.7,15.7,208,5350,"macho",2008
"193","Pinguim-gentoo","Biscoe",42.7,13.7,208,3950,"fêmea",2008
"194","Pinguim-gentoo","Biscoe",49.6,16,225,5700,"macho",2008
"195","Pinguim-gentoo","Biscoe",45.3,13.7,210,4300,"fêmea",2008
"196","Pinguim-gentoo","Biscoe",49.6,15,216,4750,"macho",2008
"197","Pinguim-gentoo","Biscoe",50.5,15.9,222,5550,"macho",2008
"198","Pinguim-gentoo","Biscoe",43.6,13.9,217,4900,"fêmea",2008
"199","Pinguim-gentoo","Biscoe",45.5,13.9,210,4200,"fêmea",2008
"200","Pinguim-gentoo","Biscoe",50.5,15.9,225,5400,"macho",2008
"201","Pinguim-gentoo","Biscoe",44.9,13.3,213,5100,"fêmea",2008
"202","Pinguim-gentoo","Biscoe",45.2,15.8,215,5300,"macho",2008
"203","Pinguim-gentoo","Biscoe",46.6,14.2,210,4850,"fêmea",2008
"204","Pinguim-gentoo","Biscoe",48.5,14.1,220,5300,"macho",2008
"205","Pinguim-gentoo","Biscoe",45.1,14.4,210,4400,"fêmea",2008
"206","Pinguim-gentoo","Biscoe",50.1,15,225,5000,"macho",2008
"207","Pinguim-gentoo","Biscoe",46.5,14.4,217,4900,"fêmea",2008
"208","Pinguim-gentoo","Biscoe",45,15.4,220,5050,"macho",2008
"209","Pinguim-gentoo","Biscoe",43.8,13.9,208,4300,"fêmea",2008
"210","Pinguim-gentoo","Biscoe",45.5,15,220,5000,"macho",2008
"211","Pinguim-gentoo","Biscoe",43.2,14.5,208,4450,"fêmea",2008
"212","Pinguim-gentoo","Biscoe",50.4,15.3,224,5550,"macho",2008
"213","Pinguim-gentoo","Biscoe",45.3,13.8,208,4200,"fêmea",2008
"214","Pinguim-gentoo","Biscoe",46.2,14.9,221,5300,"macho",2008
"215","Pinguim-gentoo","Biscoe",45.7,13.9,214,4400,"fêmea",2008
"216","Pinguim-gentoo","Biscoe",54.3,15.7,231,5650,"macho",2008
"217","Pinguim-gentoo","Biscoe",45.8,14.2,219,4700,"fêmea",2008
"218","Pinguim-gentoo","Biscoe",49.8,16.8,230,5700,"macho",2008
"219","Pinguim-gentoo","Biscoe",46.2,14.4,214,4650,NA,2008
"220","Pinguim-gentoo","Biscoe",49.5,16.2,229,5800,"macho",2008
"221","Pinguim-gentoo","Biscoe",43.5,14.2,220,4700,"fêmea",2008
"222","Pinguim-gentoo","Biscoe",50.7,15,223,5550,"macho",2008
"223","Pinguim-gentoo","Biscoe",47.7,15,216,4750,"fêmea",2008
"224","Pinguim-gentoo","Biscoe",46.4,15.6,221,5000,"macho",2008
"225","Pinguim-gentoo","Biscoe",48.2,15.6,221,5100,"macho",2008
"226","Pinguim-gentoo","Biscoe",46.5,14.8,217,5200,"fêmea",2008
"227","Pinguim-gentoo","Biscoe",46.4,15,216,4700,"fêmea",2008
"228","Pinguim-gentoo","Biscoe",48.6,16,230,5800,"macho",2008
"229","Pinguim-gentoo","Biscoe",47.5,14.2,209,4600,"fêmea",2008
"230","Pinguim-gentoo","Biscoe",51.1,16.3,220,6000,"macho",2008
"231","Pinguim-gentoo","Biscoe",45.2,13.8,215,4750,"fêmea",2008
"232","Pinguim-gentoo","Biscoe",45.2,16.4,223,5950,"macho",2008
"233","Pinguim-gentoo","Biscoe",49.1,14.5,212,4625,"fêmea",2009
"234","Pinguim-gentoo","Biscoe",52.5,15.6,221,5450,"macho",2009
"235","Pinguim-gentoo","Biscoe",47.4,14.6,212,4725,"fêmea",2009
"236","Pinguim-gentoo","Biscoe",50,15.9,224,5350,"macho",2009
"237","Pinguim-gentoo","Biscoe",44.9,13.8,212,4750,"fêmea",2009
"238","Pinguim-gentoo","Biscoe",50.8,17.3,228,5600,"macho",2009
"239","Pinguim-gentoo","Biscoe",43.4,14.4,218,4600,"fêmea",2009
"240","Pinguim-gentoo","Biscoe",51.3,14.2,218,5300,"macho",2009
"241","Pinguim-gentoo","Biscoe",47.5,14,212,4875,"fêmea",2009
"242","Pinguim-gentoo","Biscoe",52.1,17,230,5550,"macho",2009
"243","Pinguim-gentoo","Biscoe",47.5,15,218,4950,"fêmea",2009
"244","Pinguim-gentoo","Biscoe",52.2,17.1,228,5400,"macho",2009
"245","Pinguim-gentoo","Biscoe",45.5,14.5,212,4750,"fêmea",2009
"246","Pinguim-gentoo","Biscoe",49.5,16.1,224,5650,"macho",2009
"247","Pinguim-gentoo","Biscoe",44.5,14.7,214,4850,"fêmea",2009
"248","Pinguim-gentoo","Biscoe",50.8,15.7,226,5200,"macho",2009
"249","Pinguim-gentoo","Biscoe",49.4,15.8,216,4925,"macho",2009
"250","Pinguim-gentoo","Biscoe",46.9,14.6,222,4875,"fêmea",2009
"251","Pinguim-gentoo","Biscoe",48.4,14.4,203,4625,"fêmea",2009
"252","Pinguim-gentoo","Biscoe",51.1,16.5,225,5250,"macho",2009
"253","Pinguim-gentoo","Biscoe",48.5,15,219,4850,"fêmea",2009
"254","Pinguim-gentoo","Biscoe",55.9,17,228,5600,"macho",2009
"255","Pinguim-gentoo","Biscoe",47.2,15.5,215,4975,"fêmea",2009
"256","Pinguim-gentoo","Biscoe",49.1,15,228,5500,"macho",2009
"257","Pinguim-gentoo","Biscoe",47.3,13.8,216,4725,NA,2009
"258","Pinguim-gentoo","Biscoe",46.8,16.1,215,5500,"macho",2009
"259","Pinguim-gentoo","Biscoe",41.7,14.7,210,4700,"fêmea",2009
"260","Pinguim-gentoo","Biscoe",53.4,15.8,219,5500,"macho",2009
"261","Pinguim-gentoo","Biscoe",43.3,14,208,4575,"fêmea",2009
"262","Pinguim-gentoo","Biscoe",48.1,15.1,209,5500,"macho",2009
"263","Pinguim-gentoo","Biscoe",50.5,15.2,216,5000,"fêmea",2009
"264","Pinguim-gentoo","Biscoe",49.8,15.9,229,5950,"macho",2009
"265","Pinguim-gentoo","Biscoe",43.5,15.2,213,4650,"fêmea",2009
"266","Pinguim-gentoo","Biscoe",51.5,16.3,230,5500,"macho",2009
"267","Pinguim-gentoo","Biscoe",46.2,14.1,217,4375,"fêmea",2009
"268","Pinguim-gentoo","Biscoe",55.1,16,230,5850,"macho",2009
"269","Pinguim-gentoo","Biscoe",44.5,15.7,217,4875,NA,2009
"270","Pinguim-gentoo","Biscoe",48.8,16.2,222,6000,"macho",2009
"271","Pinguim-gentoo","Biscoe",47.2,13.7,214,4925,"fêmea",2009
"272","Pinguim-gentoo","Biscoe",NA,NA,NA,NA,NA,2009
"273","Pinguim-gentoo","Biscoe",46.8,14.3,215,4850,"fêmea",2009
"274","Pinguim-gentoo","Biscoe",50.4,15.7,222,5750,"macho",2009
"275","Pinguim-gentoo","Biscoe",45.2,14.8,212,5200,"fêmea",2009
"276","Pinguim-gentoo","Biscoe",49.9,16.1,213,5400,"macho",2009
"277","Pinguim-de-barbicha","Dream",46.5,17.9,192,3500,"fêmea",2007
"278","Pinguim-de-barbicha","Dream",50,19.5,196,3900,"macho",2007
"279","Pinguim-de-barbicha","Dream",51.3,19.2,193,3650,"macho",2007
"280","Pinguim-de-barbicha","Dream",45.4,18.7,188,3525,"fêmea",2007
"281","Pinguim-de-barbicha","Dream",52.7,19.8,197,3725,"macho",2007
"282","Pinguim-de-barbicha","Dream",45.2,17.8,198,3950,"fêmea",2007
"283","Pinguim-de-barbicha","Dream",46.1,18.2,178,3250,"fêmea",2007
"284","Pinguim-de-barbicha","Dream",51.3,18.2,197,3750,"macho",2007
"285","Pinguim-de-barbicha","Dream",46,18.9,195,4150,"fêmea",2007
"286","Pinguim-de-barbicha","Dream",51.3,19.9,198,3700,"macho",2007
"287","Pinguim-de-barbicha","Dream",46.6,17.8,193,3800,"fêmea",2007
"288","Pinguim-de-barbicha","Dream",51.7,20.3,194,3775,"macho",2007
"289","Pinguim-de-barbicha","Dream",47,17.3,185,3700,"fêmea",2007
"290","Pinguim-de-barbicha","Dream",52,18.1,201,4050,"macho",2007
"291","Pinguim-de-barbicha","Dream",45.9,17.1,190,3575,"fêmea",2007
"292","Pinguim-de-barbicha","Dream",50.5,19.6,201,4050,"macho",2007
"293","Pinguim-de-barbicha","Dream",50.3,20,197,3300,"macho",2007
"294","Pinguim-de-barbicha","Dream",58,17.8,181,3700,"fêmea",2007
"295","Pinguim-de-barbicha","Dream",46.4,18.6,190,3450,"fêmea",2007
"296","Pinguim-de-barbicha","Dream",49.2,18.2,195,4400,"macho",2007
"297","Pinguim-de-barbicha","Dream",42.4,17.3,181,3600,"fêmea",2007
"298","Pinguim-de-barbicha","Dream",48.5,17.5,191,3400,"macho",2007
"299","Pinguim-de-barbicha","Dream",43.2,16.6,187,2900,"fêmea",2007
"300","Pinguim-de-barbicha","Dream",50.6,19.4,193,3800,"macho",2007
"301","Pinguim-de-barbicha","Dream",46.7,17.9,195,3300,"fêmea",2007
"302","Pinguim-de-barbicha","Dream",52,19,197,4150,"macho",2007
"303","Pinguim-de-barbicha","Dream",50.5,18.4,200,3400,"fêmea",2008
"304","Pinguim-de-barbicha","Dream",49.5,19,200,3800,"macho",2008
"305","Pinguim-de-barbicha","Dream",46.4,17.8,191,3700,"fêmea",2008
"306","Pinguim-de-barbicha","Dream",52.8,20,205,4550,"macho",2008
"307","Pinguim-de-barbicha","Dream",40.9,16.6,187,3200,"fêmea",2008
"308","Pinguim-de-barbicha","Dream",54.2,20.8,201,4300,"macho",2008
"309","Pinguim-de-barbicha","Dream",42.5,16.7,187,3350,"fêmea",2008
"310","Pinguim-de-barbicha","Dream",51,18.8,203,4100,"macho",2008
"311","Pinguim-de-barbicha","Dream",49.7,18.6,195,3600,"macho",2008
"312","Pinguim-de-barbicha","Dream",47.5,16.8,199,3900,"fêmea",2008
"313","Pinguim-de-barbicha","Dream",47.6,18.3,195,3850,"fêmea",2008
"314","Pinguim-de-barbicha","Dream",52,20.7,210,4800,"macho",2008
"315","Pinguim-de-barbicha","Dream",46.9,16.6,192,2700,"fêmea",2008
"316","Pinguim-de-barbicha","Dream",53.5,19.9,205,4500,"macho",2008
"317","Pinguim-de-barbicha","Dream",49,19.5,210,3950,"macho",2008
"318","Pinguim-de-barbicha","Dream",46.2,17.5,187,3650,"fêmea",2008
"319","Pinguim-de-barbicha","Dream",50.9,19.1,196,3550,"macho",2008
"320","Pinguim-de-barbicha","Dream",45.5,17,196,3500,"fêmea",2008
"321","Pinguim-de-barbicha","Dream",50.9,17.9,196,3675,"fêmea",2009
"322","Pinguim-de-barbicha","Dream",50.8,18.5,201,4450,"macho",2009
"323","Pinguim-de-barbicha","Dream",50.1,17.9,190,3400,"fêmea",2009
"324","Pinguim-de-barbicha","Dream",49,19.6,212,4300,"macho",2009
"325","Pinguim-de-barbicha","Dream",51.5,18.7,187,3250,"macho",2009
"326","Pinguim-de-barbicha","Dream",49.8,17.3,198,3675,"fêmea",2009
"327","Pinguim-de-barbicha","Dream",48.1,16.4,199,3325,"fêmea",2009
"328","Pinguim-de-barbicha","Dream",51.4,19,201,3950,"macho",2009
"329","Pinguim-de-barbicha","Dream",45.7,17.3,193,3600,"fêmea",2009
"330","Pinguim-de-barbicha","Dream",50.7,19.7,203,4050,"macho",2009
"331","Pinguim-de-barbicha","Dream",42.5,17.3,187,3350,"fêmea",2009
"332","Pinguim-de-barbicha","Dream",52.2,18.8,197,3450,"macho",2009
"333","Pinguim-de-barbicha","Dream",45.2,16.6,191,3250,"fêmea",2009
"334","Pinguim-de-barbicha","Dream",49.3,19.9,203,4050,"macho",2009
"335","Pinguim-de-barbicha","Dream",50.2,18.8,202,3800,"macho",2009
"336","Pinguim-de-barbicha","Dream",45.6,19.4,194,3525,"fêmea",2009
"337","Pinguim-de-barbicha","Dream",51.9,19.5,206,3950,"macho",2009
"338","Pinguim-de-barbicha","Dream",46.8,16.5,189,3650,"fêmea",2009
"339","Pinguim-de-barbicha","Dream",45.7,17,195,3650,"fêmea",2009
"340","Pinguim-de-barbicha","Dream",55.8,19.8,207,4000,"macho",2009
"341","Pinguim-de-barbicha","Dream",43.5,18.1,202,3400,"fêmea",2009
"342","Pinguim-de-barbicha","Dream",49.6,18.2,193,3775,"macho",2009
"343","Pinguim-de-barbicha","Dream",50.8,19,210,4100,"macho",2009
"344","Pinguim-de-barbicha","Dream",50.2,18.7,198,3775,"fêmea",2009
